{
    "defaultSeverity": "error",
    "extends": [
        "tslint:recommended"
    ],
    "jsRules": {},
    "rules": {
        "quotemark": [true, "single", "avoid-template"],
        "one-line": [false],
        "max-line-length": [true, {"limit": 160, "ignore-pattern": "^import |^export {(.*?)}"}],
        "trailing-comma": [true, {"multiline": "never", "singleline": "never"}],
        "object-literal-sort-keys": [false],
        "max-classes-per-file": [false, 1],
        "no-console": [false, "log"],
        "member-ordering": false,
        "no-bitwise": false,
        "no-empty": false,
        "no-shadowed-variable": false,
        "ordered-imports": false,
        "no-string-literal": false,
        "no-trailing-whitespace": [true, "ignore-comments", "ignore-blank-lines", "ignore-template-strings"],
        "object-literal-shorthand": false,
        "no-conditional-assignment": false,
        "radix": false,
        "no-var-requires": false,
        "interface-name": false
    },
    "rulesDirectory": []
}
