{
    "name": "Cortex-Debug Memory View",
    "scopeName": "source.cortex-debug-memoryview",
    "patterns": [
        {
            "comment": "Heading",
            "name": "keyword.header.hex",
            "match": "^  Offset: 00 01 02 03 04 05 06 07 08 09 0A 0B 0C 0D 0E 0F \\t$"
        },
        {
            "comment": "Address",
            "name": "keyword.address.hex",
            "match": "^([a-fA-F\\d]{8}:)"
        },
        {
            "comment": "ASCII",
            "name": "comment.ascii.hex",
            "match": "  [^\\s]*$"
        }
    ]
}